<?xml version="1.0" encoding="UTF-8"?>
<project-private xmlns="http://www.netbeans.org/ns/project-private/1">
    <editor-bookmarks xmlns="http://www.netbeans.org/ns/editor-bookmarks/2" lastBookmarkId="0"/>
    <open-files xmlns="http://www.netbeans.org/ns/projectui-open-files/2">
        <group>
            <file>file:/C:/Users/kingo/Desktop/Practicas-PROII/GestBanco2/src/es/uvigo/esei/pro2/core/Fecha.java</file>
            <file>file:/C:/Users/kingo/Desktop/Practicas-PROII/GestBanco2/src/es/uvigo/esei/pro2/core/Cliente.java</file>
            <file>file:/C:/Users/kingo/Desktop/Practicas-PROII/GestBanco2/src/es/uvigo/esei/pro2/ui/Ilc.java</file>
            <file>file:/C:/Users/kingo/Desktop/Practicas-PROII/GestBanco2/src/es/uvigo/esei/pro2/core/Cuenta.java</file>
            <file>file:/C:/Users/kingo/Desktop/Practicas-PROII/GestBanco2/src/es/uvigo/esei/pro2/core/FechaFormatoExcepcion.java</file>
            <file>file:/C:/Users/kingo/Desktop/Practicas-PROII/GestBanco2/src/es/uvigo/esei/pro2/core/Banco.java</file>
            <file>file:/C:/Users/kingo/Desktop/Practicas-PROII/GestBanco2/src/es/uvigo/esei/pro2/core/Corriente.java</file>
        </group>
    </open-files>
</project-private>
